area,median_aed_per_m2_12m,change_since_first_year_pct,first_year,studio_median_aed,1br_median_aed,2br_median_aed,offplan_share_pct,projects_under_construction,projects_past_handover_date,transactions_as_of,registry_as_of
"Al Furjan",15201,42,2023,555000,1106900,1727923,51,49,12,2026-10-03,2026-10-02
"Jumeirah Village Circle (JVC)",16223,20,2023,709581,1103204,1663457,61,167,70,2026-10-03,2026-10-02
"Arjan",16968,37,2023,726962,1179388,1677500,64,39,19,2026-10-03,2026-10-02
"Dubai South",17499,60,2023,648450,1150000,1676358,91,105,22,2026-10-03,2026-10-02
"Jumeirah Village Triangle (JVT)",17979,25,2023,780000,1244999,1717373,85,40,9,2026-10-03,2026-10-02
"DAMAC Hills",18297,14,2023,610000,1243000,2008000,51,9,3,2026-10-03,2026-10-02
"MBR City & Meydan",21337,0,2023,800000,1402146,2364850,35,43,12,2026-10-03,2026-10-02
"Dubai Marina",21648,32,2023,915000,1680000,2550000,7,14,6,2026-10-03,2026-10-02
"Dubai Hills Estate",25769,13,2023,970000,1729999,2689888,52,34,6,2026-10-03,2026-10-02
"Business Bay",26838,19,2023,1122999,2000000,3093309,54,53,19,2026-10-03,2026-10-02
"Dubai Creek Harbour",27692,24,2023,,1959888,3180000,67,17,1,2026-10-03,2026-10-02
"Dubai Islands",29520,18,2023,1160000,2348000,3498864,97,103,15,2026-10-03,2026-10-02
"Downtown Dubai",33742,4,2023,1779999,2350000,3900000,37,21,7,2026-10-03,2026-10-02
"Palm Jumeirah",36916,28,2023,1372500,3510000,5809289,31,23,8,2026-10-03,2026-10-02
